Team,Played,Wins,Draws,Losses,GF,GA,Points,GD,Attack %,Defense %
Real Madrid,10,4,3,3,5,6,15,-1,27.77777777777778,20.689655172413794
Liverpool,10,4,3,3,2,6,15,-4,11.11111111111111,20.689655172413794
Bayern,10,4,3,3,2,6,15,-4,11.11111111111111,20.689655172413794
Barcelona,10,2,6,2,3,5,12,-2,16.666666666666664,17.24137931034483
Man City,10,3,2,5,6,6,11,0,33.33333333333333,20.689655172413794
